{
    "profile": {
        "first_name": "Pascal",
        "middle_names": "",
        "last_name": "van Gemert",
        "date_of_birth": "1986-11-19",
        "place_of_birth": "'s-Hertogenbosch",
        "biography": "I am an allround web developer. I am a senior programmer with good knowledge of front-end techniques. I love structure and order and I also stand for quality. I love spending time on fixing little details and optimizing web apps. Also I like working in a team, you'll learn faster and more. As the saying goes: 'two heads are better than one'.",
        "current_location": {
            "street": "********",
            "housenumber": 0,
            "zipcode": "********",
            "city": "'s-Hertogenbosch",
            "country": "The Netherlands",
            "planet": "Earth"
        }
    },
    "contact_details": {
        "email": "pascal@pascalvangemert.nl",
        "phone": "********",
        "skype": "pascalvgemert",
        "website": "http://pascalvangemert.nl/",
        "twitter": "http://twitter.com/pascalvgemert",
        "linkedin": "http://linkedin.nl/in/pascalvgemert/"
    },
    "educations": [
        {
            "title": "Avans Highschool",
            "specification": "Computer Science (Specialization: Multimedia)",
            "location": "'s-Hertogenbosch",
            "level": "Bachelor",
            "description": "The education was mainly Java-based programming, but I also learned about SQL, PHP, MVC, UML and more. During my time in college, I specialized in multimedia. Here I learned about gaming -the importance of OOP-, web- and user experience and design.",
            "start_date": "2004-08-01",
            "end_date": "2008-06-01",
            "completed": true
        },
        {
            "title": "Rodenborch",
            "specification": "Havo (Nature/Technics & Nature/Health)",
            "location": "Rosmalen",
            "level": "Highschool",
            "description": "I graduated highschool, where I enjoyed doing science, math, biology and arts. I realized in my third year of school that I wanted to do something with websites, and so I started making small flash/actionscript applications.",
            "start_date": "1999-08-01",
            "end_date": "2004-06-01",
            "completed": true
        }
    ],
    "careers": [
        {
            "title": "Whoopaa / HRMatches",
            "specification": "Lead Developer",
            "location": "'s-Hertogenbosch",
            "level": "Fulltime",
            "description": "Whoopaa is a startup that began as a social network where users were able to separate their business- and personal social life. As this idea didn't exactly take off the way we expected it to, we changed the idea. We began a job matching platform, where Whoopaa became the place for job seekers to make an interactive CV enriched with certified tests. The place where companies can create job openings and efficiently find the right candidates needed a name as well, and was called HRMatches. I developed an own framework, which I improved in user experience and speed after the big idea change. I also developed the real time match algorithm as well as a lot of other helpful algorithms. Whoopaa is my current full-time job.",
            "start_date": "2011-04-01",
            "end_date": null,
			"link": "http://www.whoopaa.com/"
        },
        {
            "title": "C2K internet solutions",
            "specification": "Lead Developer",
            "location": "Eindhoven / 's-Hertogenbosch",
            "level": "Fulltime",
            "description": "Right after I graduated, I started working for C2K: a full service internet agency. I developed a homemade CMS, CRM and e-mail marketing system. The CMS was used for a dozens of clients, as well as the e-mail marketing system. I also did a lot of custom made web sites/applications. Later on I also developed Layars like: Conquar (a digital adaption of the board game of Risk) and Gowalla (based on Gowalla's API). C2K no longer exists.",
            "start_date": "2008-09-01",
            "end_date": "2011-03-01"
        },
        {
            "title": "Davinci Advies Groep",
            "specification": "ICT Consultant",
            "location": "Amsterdam",
            "level": "Graduate Internship",
            "description": "My second internship and the place I eventually graduated, was at Davinci. I investigated new web-technologies they could possibly use to improve the front-end of their java-based CRM system. I compared technologies such as Adobe Flex, Silverlight, Ruby on Rails together, to find out which could work best for the company. Based on the results of my research, the company eventually decided to use the ZK Framework.",
            "start_date": "2008-02-01",
            "end_date": "2008-07-01",
			"link": "http://www.davincigroep.nl/"
        },
        {
            "title": "Sanitairwinkel.nl",
            "specification": "Webdeveloper",
            "location": "Rosmalen",
            "level": "Part-time",
            "description": "At sanitairwinkel.nl, I improved/expanded the current webapplication and re-factored the code. I also created a brand new back-end system and improved the front-end by giving it a new look and feel. I also improved the website's SEO. ",
            "start_date": "2007-10-01",
            "end_date": "2008-06-01",
			"link": "http://www.sanitairwinkel.nl/"
        },
        {
            "title": "Goomla.com",
            "specification": "PHP Developer",
            "location": "Eindhoven",
            "level": "Part-time",
            "description": "After my internship ended I was asked to stay as part-time employee. Goomla became partner of the year of Bol.com. In October 2007 Goomla was sold to Daisycon.",
            "start_date": "2007-01-01",
            "end_date": "2007-09-01" 
        },
        {
            "title": "Goomla.com",
            "specification": "PHP Developer",
            "location": "Eindhoven",
            "level": "Internship",
            "description": "I did my first internship at a company named Goomla. There I learned to apply my knowledge of PHP. Goomla was a shopping/comparison-site, with more than 100 affiliates including bol.com, wehkamp, neckermann, to name a few.",
            "start_date": "2006-08-01",
            "end_date": "2007-01-01"
        }
    ],
    "skills": [
        {
            "title": "PHP",
			"level": 5,
            "level_detailed": 9,
            "endorsement": ""
        },
        {
            "title": "MySQL",
			"level": 5,
            "level_detailed": 9,
            "endorsement": ""
        },
        {
            "title": "HTML(5)",
			"level": 5,
            "level_detailed": 10,
            "endorsement": ""
        },
        {
            "title": "CSS(3)",
			"level": 5,
            "level_detailed": 9,
            "endorsement": ""
        },
        {
            "title": "Javascript",
			"level": 4,
            "level_detailed": 9,
            "endorsement": ""
        },
        {
            "title": "JQuery",
			"level": 4,
            "level_detailed": 10,
            "endorsement": ""
        },
        {
            "title": "LESS",
			"level": 4,
            "level_detailed": 8,
            "endorsement": ""
        },
		{
            "title": "SASS",
			"level": 4,
            "level_detailed": 8,
            "endorsement": ""
        },
        {
            "title": "JSON",
			"level": 5,
            "level_detailed": 10,
            "endorsement": ""
        },
        {
            "title": "XML",
			"level": 5,
            "level_detailed": 10,
            "endorsement": ""
        },
        {
            "title": "Bootstrap Framework",
			"level": 4,
            "level_detailed": 8,
            "endorsement": ""
        },
        {
            "title": "Wordpress",
			"level": 4,
            "level_detailed": 8,
            "endorsement": ""
        },
        {
            "title": "Object Orientated Programming",
			"level": 4,
            "level_detailed": 8,
            "endorsement": ""
        },
        {
            "title": "MVC Pattern",
			"level": 4,
            "level_detailed": 8,
            "endorsement": ""
        },
        {
            "title": "Singleton Pattern",
			"level": 4,
            "level_detailed": 9,
            "endorsement": ""
        },
        {
            "title": "Method Factory Pattern",
			"level": 4,
            "level_detailed": 7,
            "endorsement": ""
        },
        {
            "title": "Builder Pattern",
			"level": 4,
            "level_detailed": 7,
            "endorsement": ""
        },
        {
            "title": "Command line",
			"level": 3,
            "level_detailed": 6,
            "endorsement": "Basics only"
        },
        {
            "title": "UML",
			"level": 4,
            "level_detailed": 8,
            "endorsement": ""
        },
        {
            "title": "SEO",
			"level": 4,
            "level_detailed": 8,
            "endorsement": ""
        },
        {
            "title": "Java",
			"level": 4,
            "level_detailed": 7,
            "endorsement": ""
        },
        {
            "title": "Ruby",
			"level": 1,
            "level_detailed": 2,
            "endorsement": ""
        },
        {
            "title": "AngularJS",
			"level": 2,
            "level_detailed": 4,
            "endorsement": ""
        }
    ],
    "languages": [
        {
            "title": "Dutch",
			"level": 5,
            "level_detailed": 9,
            "endorsement": "Mother tongue"
        },
        {
            "title": "English",
			"level": 5,
            "level_detailed": 9,
            "endorsement": "Daily use"
        },
        {
            "title": "German",
			"level": 2,
            "level_detailed": 3,
            "endorsement": "Survivable"
        },
        {
            "title": "French",
			"level": 1,
            "level_detailed": 2,
            "endorsement": "Un petit peu"
        }
    ],
    "tools": [
        {
            "title": "Notepad++",
			"level": 5,
            "level_detailed": 9,
            "endorsement": "8 years"
        },
        {
            "title": "Coda2",
			"level": 4,
            "level_detailed": 8,
            "endorsement": "2 years"
        },
        {
            "title": "Filezilla",
			"level": 5,
            "level_detailed": 9,
            "endorsement": "8 years"
        },
        {
            "title": "MS Office",
			"level": 5,
            "level_detailed": 9,
            "endorsement": "10+ years"
        },
        {
            "title": "Sublime Text",
			"level": 4,
            "level_detailed": 7,
            "endorsement": "2 years"
        },
        {
            "title": "Windows",
			"level": 5,
            "level_detailed": 9,
            "endorsement": "10+ years"
        },
        {
            "title": "Mac",
			"level": 4,
            "level_detailed": 8,
            "endorsement": "3 years"
        },
        {
            "title": "Firefox",
			"level": 5,
            "level_detailed": 9,
            "endorsement": "8 years"
        },
        {
            "title": "Webkit browsers",
			"level": 5,
            "level_detailed": 9,
            "endorsement": "6 years"
        },
        {
            "title": "Internet Explore 6+",
			"level": 4,
            "level_detailed": 8,
            "endorsement": "8 years"
        },
        {
            "title": "Adobe Fireworks",
			"level": 4,
            "level_detailed": 8,
            "endorsement": "8 years"
        },
        {
            "title": "Adobe Photoshop",
			"level": 3,
            "level_detailed": 6,
            "endorsement": "6 years"
        },
        {
            "title": "Subversion",
			"level": 4,
            "level_detailed": 7,
            "endorsement": "5 years"
        },
        {
            "title": "Git",
			"level": 3,
            "level_detailed": 6,
            "endorsement": "2 year"
        }
    ],
    "interests": [
        {
            "title": "Sports",
            "description": "I couldn't live without sports. In the weekend you will find me riding my mountainbike - just check out my Runkeeper. Once or twice a week, you'll find me in the gym or at the tracks to train my pole vaulting. I just love the adrenaline rush!",
			"image": "sports.png"
        },
        {
            "title": "Music",
            "description": "I can listen to music all day. I have a varied taste of music and I listen to it at work, during sports, riding my bike, on the train... I play guitar myself and would love to own a drum-kit some day.",
			"image": "music.png"
        },
        {
            "title": "My Cats",
            "description": "If you look up my social networks, you'll surely come across one of my cats. Because what is the internet without cats? Nothing, right? And I'm an internet man, so one and one makes two.",
			"image": "cats.png"
        },
        {
            "title": "Algorithms",
            "description": "I love solving riddles and problems and building stuff from scratch. My strong suit is that I don't give up without a fight. When trying to find the solution to a problem, I will not quit until I find at least one. The satisfaction I get from solving a problem can really make my day.",
			"image": "algorithms.png"
        },
        {
            "title": "Travel",
            "description": "When I was 19 I traveled by plane for the first time, and after that I was hooked. I went to the United States twice, Surinam, Greece, Malta, the Canary Islands and more. But as much as I love the sun, I also love going to the Alps for some snowboarding.",
			"image": "travel.png"
        }
    ],
    "projects": [
    	{
	    	"title": "Mals",
	    	"description": "Mals, a creative agency located in Rotterdam.",
	    	"tags": "Development, Wordpress, Bootstrap",
	    	"image": "project_mals.jpg",
	    	"link": "http://studiomals.com"
    	},
    	{
	    	"title": "Medisch Biomagnetisme",
	    	"description": "A nice one pager build for Hanneke Velthuijsen.",
	    	"tags": "Development, Design, Bootstrap, Wordpress",
	    	"image": "project_mbm.jpg",
	    	"link": "http://medischbiomagnetisme.com"
    	},
    	{
	    	"title": "SOAP - Den Bosch",
	    	"description": "Build the website of the local barbershop.",
	    	"tags": "Design, Development, Bootstrap, Wordpress",
	    	"image": "project_soap.jpg",
	    	"link": "http://soaphair.nl"
    	},
    	{
	    	"title": "Playful Arts Festival",
	    	"description": "Build a website for the Playful Arts Festival",
	    	"tags": "Development, Bootstrap, Wordpress",
	    	"image": "project_paf.jpg",
	    	"link": "http://playfulartsfestival.com"
    	},
    	{
	    	"title": "Vera Mulder",
	    	"description": "Created a personal website for the Journalist Vera Mulder.",
	    	"tags": "Development, Design, Wordpress, Bootstrap",
	    	"image": "project_veramulder.jpg",
	    	"link": "http://veramulder.com"
    	},
    	{
	    	"title": "Oetelspel",
	    	"description": "An online game specially for Carneval at 's-Hertogenbosch.",
	    	"tags": "Development, Concept, Founder",
	    	"image": "project_oetelspel.jpg",
	    	"link": "http://oetelspel.nl"
    	}
    ]
}